<?xml version="1.0" encoding="UTF-8"?>
<suite name="Suite">
	<listeners>
		<listener class-name="WDUtilities.TestListener" />
	</listeners>
	<test name="Module 1">
		<classes>
			<class name="Modules.Sanity_TestScripts" />
			<methods>
				<include name="TestScript_001_Sanity" />
				<exclude name="TestScript_002_Sanity" />
				<exclude name="TestScript_003_Sanity" />
				<exclude name="TestScript_004_Sanity" />
				<include name="TestScript_005_Sanity" />
				<exclude name="TestScript_006_Sanity" />
				<exclude name="TestScript_007_Sanity" />
				<exclude name="TestScript_008_Sanity" />
				<exclude name="TestScript_009_Sanity" />
				<exclude name="TestScript_010_Sanity" />
				<exclude name="TestScript_011_Sanity" />
				<exclude name="TestScript_012_Sanity" />
				<exclude name="TestScript_013_Sanity" />
				<exclude name="TestScript_014_Sanity" />
				<exclude name="TestScript_015_Sanity" />
				<exclude name="TestScript_016_Sanity" />
				<exclude name="TestScript_017_Sanity" />
				<include name="TestScript_018_Sanity" />
				<exclude name="TestScript_019_Sanity" />
				<exclude name="TestScript_020_Sanity" />
				<exclude name="TestScript_021_Sanity" />
				<exclude name="TestScript_022_Sanity" />
				<exclude name="TestScript_023_Sanity" />
				<exclude name="TestScript_024_Sanity" />
				<exclude name="TestScript_025_Sanity" />
				<exclude name="TestScript_026_Sanity" />
				<include name="TestScript_027_Sanity" />
				<exclude name="TestScript_041_Sanity" />
				</methods>
		</classes>
	</test>
	<test name="Module 2">
		<classes>
			<class name="Modules.Application_TestScripts" />
			<methods>
				<exclude name="TestCase001_AddUser" />
			</methods>
		</classes>
	</test>
</suite> <!-- Suite -->


