<?xml version="1.0" encoding="UTF-8"?>
<!DOCTYPE suite SYSTEM "http://testng.org/testng-1.0.dtd">
<suite name="Failed suite [Suite]">
  <listeners>
    <listener class-name="WDUtilities.TestListener"/>
  </listeners>
  <test name="Module 1(failed)">
    <classes>
      <class name="Modules.Sanity_TestScripts">
        <methods>
          <include name="TestScript_004_Sanity"/>
          <include name="tearDown"/>
          <include name="setUp"/>
          <include name="beforemethodName"/>
          <include name="TestScript_012_Sanity"/>
        </methods>
      </class> <!-- Modules.Sanity_TestScripts -->
      <class name="Modules.Application_TestScripts">
        <methods>
          <include name="testEnd"/>
          <include name="beforemethod"/>
        </methods>
      </class> <!-- Modules.Application_TestScripts -->
    </classes>
  </test> <!-- Module 1(failed) -->
</suite> <!-- Failed suite [Suite] -->
